0.49503564834594727,0.5329601764678955,0.5328686237335205,0.49331092834472656,0.41643452644348145,0.30695390701293945,0.1718456745147705,0.020206689834594727,0.136962890625,0.2873809337615967,0.4189164638519287,0.5210762023925781,0.5862655639648438,0.6098949909210205,0.5905036926269531,0.5292651653289795,0.42975759506225586,0.29814600944519043,0.14288687705993652,0.02512216567993164,0.1929931640625,0.34661865234375,0.47223949432373047,0.5580241680145264,0.5956370830535889,0.5810949802398682,0.5146143436431885,0.401033878326416,0.24936556816101074,0.07272601127624512,0.11276984214782715,0.2901906967163086,0.4442722797393799,0.563169002532959,0.6387350559234619,0.6661911010742188,0.6432814598083496,0.5710122585296631,0.4544563293457031,0.30313777923583984,0.13043689727783203,0.048676490783691406,0.21955394744873047,0.36924314498901367,0.4867410659790039,0.563572883605957,0.5942277908325195,0.5773584842681885,0.516491174697876,0.41931962966918945,0.2966423034667969
0.25832271575927734,0.03508281707763672,0.3133089542388916,0.5620021820068359,0.773000955581665,0.9407761096954346,1.0591564178466797,1.1192171573638916,1.1094567775726318,1.0196340084075928,0.8454101085662842,0.5939805507659912,0.2859034538269043,0.04879498481750488,0.37865209579467773,0.6794867515563965,0.9373855590820312,1.1444125175476074,1.2895524501800537,1.3534703254699707,1.3112173080444336,1.1435644626617432,0.850761890411377,0.45781660079956055,0.01040959358215332,0.43897271156311035,0.844839334487915,1.1771221160888672,1.4206998348236084,1.5709619522094727,1.629143238067627,1.6002521514892578,1.4943711757659912,1.3252549171447754,1.1072814464569092,0.8502237796783447,0.5558745861053467,0.22087955474853516,0.15507721900939941,0.5587399005889893,0.9573323726654053,1.3023133277893066,1.5432045459747314,1.6453258991241455,1.602477788925171,1.4390766620635986,1.197556495666504,0.9212446212768555,0.639230489730835,0.3620939254760742
0.16065359115600586,0.06314539909362793,0.036925554275512695,0.10101079940795898,0.10866498947143555,0.06643438339233398,0.00043201446533203125,0.06225323677062988,0.1088111400604248,0.1424856185913086,0.17031121253967285,0.18805575370788574,0.17546844482421875,0.1072988510131836,0.025576114654541016,0.20120477676391602,0.36843013763427734,0.46791672706604004,0.45983219146728516,0.34374523162841797,0.1576986312866211,0.04017806053161621,0.19737839698791504,0.28566694259643555,0.30507946014404297,0.2735586166381836,0.211106538772583,0.12850546836853027,0.025856733322143555,0.09872770309448242,0.23733830451965332,0.36586475372314453,0.44897913932800293,0.4553706645965576,0.37545204162597656,0.23058843612670898,0.06615185737609863
1.6546897888183594,1.8100817203521729,1.8742451667785645,1.8456878662109375,1.7309675216674805,1.5376503467559814,1.2700207233428955,0.9300997257232666,0.5254950523376465,0.07683515548706055,0.38272666931152344,0.8160665035247803,1.1934595108032227,1.4974796772003174,1.7195641994476318,1.8514783382415771,1.882502555847168,1.8041627407073975,1.6182544231414795,1.3413457870483398,0.9985249042510986,0.6142725944519043,0.20651912689208984,0.21106934547424316,0.6222391128540039,1.0047032833099365,1.333448886871338,1.5880122184753418,1.7560994625091553,1.8326103687286377,1.8149805068969727,1.7017450332641602,1.495760440826416,1.2068662643432617,0.8523695468902588,0.452847957611084,0.02861952781677246,0.40001964569091797,0.81044602394104,1.1770827770233154,1.475527048110962,1.688044548034668,1.8071494102478027
0.3768739700317383,0.4776020050048828,0.5204851627349854,0.5514607429504395,0.5964124202728271,0.6404907703399658,0.6377389430999756,0.5439639091491699,0.35016536712646484,0.08994030952453613,0.1807260513305664,0.4159739017486572,0.5981953144073486,0.731290340423584,0.8176486492156982,0.8428113460540771,0.7818152904510498,0.6208841800689697,0.37657737731933594,0.0931239128112793,0.17851471900939941,0.40447998046875,0.576108455657959,0.6995570659637451,0.7778530120849609,0.8019566535949707,0.7577011585235596,0.6398415565490723,0.4617347717285156,0.2515134811401367,0.03897213935852051,0.15642881393432617,0.3281121253967285,0.4750325679779053,0.5913219451904297,0.6609954833984375,0.6628925800323486,0.5823884010314941,0.42372870445251465,0.2147209644317627,0.0014214515686035156,0.1829671859741211,0.3070542812347412,0.37618184089660645,0.41022777557373047,0.4282994270324707,0.43433523178100586
0.6563425064086914,0.8941249847412109,1.172471046447754,1.3561468124389648,1.2736289501190186,0.856175422668457,0.21222186088562012,0.428452730178833,0.852839469909668,0.988853931427002,0.9230377674102783,0.8088946342468262,0.7348129749298096,0.6604290008544922,0.4687669277191162,0.09023594856262207,0.40384674072265625,0.8260722160339355,0.9979686737060547,0.8789875507354736,0.5863926410675049,0.29378652572631836,0.09054279327392578,0.07213211059570312,0.30563926696777344,0.6492762565612793,1.000582218170166,1.178072452545166,1.0605943202972412,0.6865546703338623,0.22110509872436523,0.17054462432861328,0.43830013275146484,0.6515429019927979,0.8984963893890381,1.172250509262085,1.3460760116577148,1.2617809772491455,0.8572967052459717
0.63124680519104,0.6350672245025635,0.6423537731170654,0.651613712310791,0.6606266498565674,0.6677179336547852,0.6723058223724365,0.6747982501983643,0.6761679649353027,0.6774892807006836,0.6793966293334961,0.6816675662994385,0.6833200454711914,0.6833651065826416,0.681706428527832,0.6794023513793945,0.677990198135376,0.6784420013427734,0.680612325668335,0.6834704875946045,0.685723066329956,0.6863136291503906,0.6847636699676514,0.6815345287322998,0.6782383918762207,0.6770896911621094,0.6794431209564209,0.6843729019165039,0.6888349056243896,0.6897678375244141,0.6866204738616943,0.6818370819091797,0.6786837577819824,0.6782400608062744,0.6785390377044678,0.67673659324646,0.6721851825714111,0.6672167778015137,0.6647627353668213,0.6652829647064209
0.16631698608398438,0.3144352436065674,0.42485809326171875,0.4558243751525879,0.4025533199310303,0.29250597953796387,0.16053056716918945,0.027704238891601562,0.10187673568725586,0.22880959510803223,0.3455085754394531,0.43499302864074707,0.48056459426879883,0.47662973403930664,0.4295845031738281,0.3503696918487549
1.4903349876403809,1.5862376689910889,1.5978467464447021,1.5180439949035645,1.3442351818084717,1.0800120830535889,0.7358584403991699,0.32906126976013184,0.11628556251525879,0.5714845657348633,1.0053017139434814,1.387056589126587,1.6891250610351562,1.8901216983795166,1.976367712020874,1.943230390548706,1.7958941459655762,1.547757625579834,1.219517707824707,0.8361930847167969,0.42461323738098145,0.011113405227661133,0.380537748336792,0.7304704189300537,1.0236210823059082,1.249734878540039,1.403752088546753,1.48445463180542,1.4938175678253174,1.435967206954956,1.3160347938537598,1.140413522720337,0.9163141250610352,0.6522774696350098,0.3585202693939209,0.046881914138793945,0.2690000534057617,0.574028730392456,0.8519484996795654,1.0862901210784912,1.2612221240997314,1.363346815109253,1.383180856704712,1.3162741661071777,1.1648175716400146,0.9371440410614014,0.647885799407959,0.316896915435791,0.03229928016662598,0.3741915225982666,0.6836624145507812,0.9381823539733887,1.1200881004333496
0.694955587387085,1.2973411083221436,1.6261179447174072,1.51108980178833,0.9391307830810547,0.09034276008605957,0.726517915725708,1.2121667861938477,1.2105374336242676,0.7644877433776855,0.07182192802429199,0.6160783767700195,1.0926356315612793,1.242673397064209,1.044396162033081,0.5539579391479492,0.10143804550170898,0.7433958053588867,1.1855590343475342,1.3029956817626953,1.083798885345459,0.6316313743591309,0.10689234733581543,0.3434007167816162,0.6255724430084229,0.693925142288208,0.5347483158111572,0.16878581047058105,0.32825398445129395,0.8249101638793945,1.1821887493133545,1.3257114887237549,1.2823753356933594,1.1402909755706787,0.9608402252197266,0.7175548076629639,0.3258213996887207,0.2536048889160156,0.9244101047515869,1.4593980312347412,1.6149139404296875,1.277393102645874,0.5457875728607178,0.3100769519805908,0.9767379760742188,1.2370798587799072,1.043412685394287,0.5086305141448975,0.16698551177978516,0.7743062973022461,1.1535396575927734
0.37632036209106445,0.3840765953063965,0.38497090339660645,0.395282506942749,0.4299590587615967,0.4872596263885498,0.5491046905517578,0.6011455059051514,0.6556580066680908,0.7522823810577393,0.9276187419891357,1.1745843887329102,1.42494797706604,1.577399730682373,1.5531840324401855,1.3406970500946045,0.9941556453704834,0.5942471027374268,0.20176100730895996,0.15635085105895996,0.4668412208557129,0.702730655670166,0.8216612339019775,0.7924895286560059,0.6241371631622314,0.3676445484161377,0.08502578735351562,0.185075044631958,0.43685197830200195,0.6761171817779541,0.8938958644866943,1.0628654956817627,1.1604030132293701,1.193101406097412,1.1948556900024414,1.1980500221252441,1.2034022808074951,1.1783339977264404,1.0861897468566895,0.9189698696136475,0.7051947116851807,0.4861485958099365,0.28621912002563477,0.10438108444213867,0.06704187393188477,0.21822071075439453,0.31763195991516113,0.3323493003845215,0.254469633102417,0.10741424560546875,0.07026290893554688,0.2489321231842041,0.4178955554962158,0.5769050121307373,0.7219302654266357,0.8411226272583008,0.9232416152954102
0.32570314407348633,0.4076085090637207,0.47132134437561035,0.504892110824585,0.49787020683288574,0.4487268924713135,0.36646461486816406,0.263901948928833,0.1497335433959961,0.0265655517578125,0.10312700271606445,0.22887301445007324,0.33086442947387695,0.38820433616638184,0.39165592193603516,0.3493204116821289,0.2810237407684326,0.20457124710083008,0.12560796737670898,0.039153099060058594,0.059148311614990234,0.1623373031616211,0.2517704963684082,0.3072049617767334,0.3189966678619385,0.29175877571105957,0.2383406162261963,0.17052960395812988,0.09479451179504395
0.08101797103881836,0.08235383033752441,0.0825040340423584,0.08054661750793457,0.07589125633239746,0.06888890266418457,0.060667991638183594,0.05251646041870117,0.04541754722595215,0.04009199142456055,0.03712034225463867,0.036614179611206055,0.0373842716217041,0.03649401664733887,0.03006434440612793,0.015424966812133789,0.006835460662841797,0.03238558769226074,0.05503225326538086,0.06984519958496094,0.07558608055114746,0.0747213363647461,0.07130050659179688,0.0682072639465332,0.06566262245178223,0.06175875663757324,0.054322004318237305,0.04261183738708496
0.0539240837097168,0.14996099472045898,0.23080801963806152,0.2893407344818115,0.3200209140777588,0.31888389587402344,0.2853732109069824,0.2248833179473877,0.1477971076965332,0.06463766098022461,0.018028974533081055,0.09601354598999023,0.1603546142578125,0.19239091873168945,0.16895031929016113,0.07858681678771973,0.06322836875915527,0.21303606033325195,0.3176429271697998,0.34102535247802734,0.2821202278137207,0.17072296142578125,0.04609274864196777,0.06546878814697266,0.15901970863342285,0.2421092987060547,0.31875157356262207,0.3797800540924072,0.4062330722808838,0.38114118576049805,0.30054235458374023,0.17662310600280762
0.3004128932952881,0.4890470504760742,0.666785717010498,0.8025937080383301,0.8819284439086914,0.912534236907959,0.9127261638641357,0.8945498466491699,0.8543975353240967,0.7763519287109375,0.6444985866546631,0.4549531936645508,0.2214641571044922,0.02732062339782715,0.25799989700317383,0.44419336318969727,0.5741033554077148,0.648667573928833,0.6729562282562256,0.6468534469604492,0.5651865005493164,0.4269721508026123,0.24476838111877441,0.04433417320251465,0.1486833095550537,0.32314181327819824,0.4851949214935303,0.6458041667938232,0.8045985698699951,0.9451892375946045,1.0460879802703857,1.0963120460510254,1.0990471839904785,1.060896635055542,0.9780349731445312,0.8359229564666748,0.6260995864868164
1.2568070888519287,1.2815825939178467,1.2985405921936035,1.309136152267456,1.3158836364746094,1.320998191833496,1.32440185546875,1.3230741024017334,1.3125884532928467,1.2896318435668945,1.2529232501983643,1.2019472122192383,1.1347019672393799,1.0466978549957275,0.9326558113098145,0.7890763282775879,0.6160039901733398,0.4167506694793701,0.19622063636779785,0.03958392143249512,0.28278040885925293,0.5222694873809814,0.7443132400512695,0.9356575012207031,1.087960958480835,1.2001895904541016,1.2771413326263428,1.3255882263183594,1.350168228149414,1.3529090881347656,1.3356640338897705,1.3028342723846436,1.2616777420043945,1.2192161083221436
0.132598876953125,0.14218735694885254,0.1319904327392578,0.10321831703186035,0.06084179878234863,0.012611150741577148,0.03282356262207031,0.06818270683288574,0.0895228385925293,0.09698700904846191,0.09413576126098633,0.08619356155395508,0.07775688171386719,0.07103157043457031,0.06511664390563965,0.05668926239013672,0.04190850257873535,0.018722057342529297,0.011400699615478516
0.04568886756896973,0.047719717025756836,0.04847979545593262,0.048468828201293945,0.0479581356048584,0.04681229591369629,0.04472064971923828,0.04167056083679199,0.038237571716308594,0.035422325134277344,0.034125328063964844,0.034651756286621094,0.03658699989318848,0.0390932559967041,0.0413661003112793,0.042897701263427734,0.043421030044555664,0.04268622398376465,0.040352582931518555,0.03610110282897949,0.02988886833190918,0.022053956985473633
0.023919343948364258,0.08118653297424316,0.1826951503753662,0.26317858695983887,0.31696319580078125,0.35337138175964355,0.3884615898132324,0.4301173686981201,0.4681391716003418,0.4805312156677246,0.45438098907470703,0.40431642532348633,0.3697068691253662,0.3871033191680908,0.45837903022766113,0.541968822479248,0.5796613693237305,0.5389258861541748,0.4374825954437256
0.5727219581604004,1.0518815517425537,1.421647310256958,1.6160807609558105,1.5938827991485596,1.3451323509216309,0.8952441215515137,0.3016519546508789,0.3554553985595703,0.9846372604370117,1.4974994659423828,1.821166753768921,1.9096500873565674,1.7488000392913818,1.3600952625274658,0.7961642742156982,0.13359785079956055,0.5378050804138184,1.1283679008483887,1.5612175464630127,1.7829320430755615,1.769256591796875,1.5290920734405518,1.0998420715332031,0.5424981117248535,0.06776666641235352,0.6517343521118164,1.136474609375,1.464094877243042,1.5985236167907715,1.5298075675964355,1.2730693817138672,0.8671112060546875,0.36739397048950195,0.16085028648376465,0.6509699821472168
1.3815240859985352,1.5091681480407715,1.5616645812988281,1.5361762046813965,1.434598684310913,1.2645940780639648,1.0379340648651123,0.766176700592041,0.4598240852355957,0.13139724731445312,0.20174241065979004,0.5186192989349365,0.8002560138702393,1.0343189239501953,1.2154405117034912,1.3406999111175537,1.4065220355987549,1.4092509746551514,1.3481788635253906,1.2282452583312988,1.058171033859253,0.8480207920074463,0.6078038215637207,0.34784841537475586,0.07935428619384766
0.34607768058776855,0.5256624221801758,0.6935749053955078,0.8455686569213867,0.9737730026245117,1.0668630599975586,1.1145012378692627,1.1130976676940918,1.0678575038909912,0.9880228042602539,0.8800313472747803,0.7437291145324707,0.575451135635376,0.3754405975341797,0.15237808227539062,0.07815074920654297,0.3002758026123047,0.5031566619873047,0.6811301708221436,0.8291127681732178,0.9390850067138672,1.001513957977295,1.0103483200073242,0.9678006172180176,0.8832316398620605,0.7680525779724121,0.6305685043334961,0.4745187759399414,0.30186009407043457,0.1157524585723877,0.0787348747253418,0.2756979465484619,0.468599796295166,0.6481947898864746,0.8006975650787354
1.0693647861480713,1.3403902053833008,1.5024590492248535,1.5306620597839355,1.412978172302246,1.1531627178192139,0.771284818649292,0.30165553092956543,0.20966863632202148,0.7105915546417236,1.1484260559082031,1.4764289855957031,1.6585123538970947,1.674407958984375,1.5212962627410889,1.2141826152801514,0.7850651741027832,0.2783846855163574,0.2530646324157715,0.7544410228729248,1.1743955612182617,1.4712114334106445,1.616227388381958,1.597104787826538,1.4186980724334717,1.1013455390930176,0.6797361373901367,0.1978166103363037,0.2952752113342285,0.7507033348083496,1.1247456073760986,1.3837473392486572,1.506856918334961,1.4876790046691895,1.3349452018737793,1.0699608325958252,0.7247264385223389
0.01448678970336914,0.6470577716827393,1.2175967693328857,1.6628787517547607,1.9337477684020996,2.0,1.8615624904632568,1.5316035747528076,1.0510342121124268,0.47422027587890625,0.13578557968139648,0.7153022289276123,1.2069909572601318,1.5658378601074219,1.762319564819336,1.7852942943572998,1.6400668621063232,1.3473901748657227,0.940140962600708,0.45923805236816406,0.04952216148376465,0.5401437282562256,0.9699192047119141,1.3033385276794434,1.5143539905548096,1.5893781185150146,1.5274100303649902,1.3399958610534668,1.0503168106079102,0.6899375915527344,0.2961385250091553
0.29944515228271484,0.4301261901855469,0.5410759449005127,0.6189393997192383,0.650766134262085,0.6288115978240967,0.5541031360626221,0.43590474128723145,0.2889127731323242,0.1283893585205078,0.034288883209228516,0.19290995597839355,0.3437790870666504,0.4808974266052246,0.5931234359741211,0.6658270359039307,0.686861515045166,0.6520416736602783,0.5664634704589844,0.4416835308074951,0.2905139923095703,0.12433004379272461,0.04727602005004883,0.2156047821044922,0.3725295066833496,0.5103724002838135,0.6210005283355713,0.6945936679840088,0.7200620174407959,0.6897482872009277,0.6049542427062988,0.4784231185913086,0.32973742485046387
0.3406491279602051,0.39688754081726074,0.43585777282714844,0.46293187141418457,0.48170924186706543,0.4901092052459717,0.4840531349182129,0.4634075164794922,0.4327414035797119,0.3963010311126709,0.3533189296722412,0.2997879981994629,0.23463749885559082,0.1627192497253418,0.09080266952514648,0.020929336547851562,0.05053424835205078,0.1263282299041748,0.2016313076019287,0.2658977508544922,0.3127257823944092,0.34717369079589844,0.3813748359680176,0.4210832118988037,0.45706701278686523,0.4717249870300293,0.4557774066925049,0.41902899742126465,0.3824739456176758,0.35901570320129395,0.3411576747894287,0.30879998207092285,0.2500145435333252,0.17383813858032227,0.10205316543579102,0.04760122299194336,0.0018246173858642578,0.056246280670166016,0.1372370719909668,0.2286210060119629,0.3050241470336914,0.3518075942993164,0.37824296951293945,0.40662670135498047,0.44852256774902344,0.4920017719268799,0.5133342742919922,0.5011577606201172,0.46872949600219727,0.441378116607666,0.43157434463500977,0.4265263080596924,0.40058445930480957
0.24521541595458984,0.05303192138671875,0.3796510696411133,0.6347484588623047,0.7475547790527344,0.695488691329956,0.49917125701904297,0.20596981048583984,0.12929868698120117,0.45705223083496094,0.7390921115875244,0.9516246318817139,1.086925983428955,1.1520614624023438,1.1624526977539062,1.134554386138916,1.081223964691162,1.013970136642456,0.9477014541625977,0.9008147716522217,0.8872601985931396,0.9058234691619873,0.936537504196167,0.9497840404510498,0.9235236644744873,0.8567790985107422,0.770052433013916,0.6937079429626465,0.6530935764312744,0.6593809127807617,0.707599401473999,0.7786064147949219,0.8422305583953857,0.8630266189575195
0.3789665699005127,0.4357755184173584,0.5309116840362549,0.6327779293060303,0.7069876194000244,0.7286691665649414,0.6899356842041016,0.599846601486206,0.4800221920013428,0.35662007331848145,0.25170087814331055,0.1760573387145996,0.1271810531616211,0.09347677230834961,0.06360006332397461,0.03541135787963867,0.01820540428161621,0.025476694107055664,0.06177520751953125,0.11199712753295898,0.14164233207702637,0.10985398292541504,0.010694503784179688,0.2181532382965088,0.47809290885925293,0.7359657287597656,0.9371557235717773,1.0460984706878662,1.0551600456237793,0.9833469390869141,0.8649611473083496,0.736882209777832,0.626755952835083,0.5459277629852295,0.4878263473510742
0.3927788734436035,0.4166438579559326,0.4167807102203369,0.40201687812805176,0.3793056011199951,0.3520503044128418,0.3239021301269531,0.30443525314331055,0.3089179992675781,0.3485441207885742,0.4156069755554199,0.47676897048950195,0.483264684677124,0.3969879150390625,0.2155013084411621,0.020367860794067383,0.24628019332885742,0.40879225730895996,0.4937744140625,0.5283145904541016,0.5572702884674072,0.6099853515625,0.6811153888702393,0.7365777492523193,0.7385284900665283,0.6697201728820801,0.5413014888763428,0.380922794342041
0.46379804611206055,0.2474062442779541,0.005320549011230469,0.27312469482421875,0.5808596611022949,0.8831315040588379,1.131377935409546,1.2874462604522705,1.33896803855896,1.295290470123291,1.1737957000732422,0.9878942966461182,0.7469241619110107,0.4624056816101074,0.15155625343322754,0.16487812995910645,0.46810340881347656,0.7439877986907959,0.9825901985168457,1.1764442920684814,1.3204329013824463,1.410806655883789,1.4416651725769043,1.401782512664795,1.27547025680542,1.0520849227905273,0.7377147674560547,0.359264612197876,0.04257082939147949,0.42802953720092773,0.7667813301086426,1.0355124473571777,1.209418535232544,1.262373447418213,1.1788747310638428,0.9704840183258057,0.6799895763397217,0.36389708518981934,0.06623983383178711,0.19740891456604004,0.43210864067077637,0.6407279968261719,0.8067967891693115,0.8994357585906982,0.8951342105865479,0.7955939769744873,0.6269283294677734,0.4189579486846924
0.8783841133117676,0.36684322357177734,0.10415029525756836,0.43001723289489746,0.6001303195953369,0.6570208072662354,0.626692533493042,0.4895796775817871,0.2187812328338623,0.1592540740966797,0.5433435440063477,0.8035273551940918,0.8527882099151611,0.6847274303436279,0.34679675102233887,0.11013102531433105,0.6504731178283691,1.2239763736724854,1.726447343826294,1.999999761581421,1.9614334106445312,1.5712580680847168,0.9636940956115723,0.326570987701416,0.18738532066345215,0.5163478851318359,0.6732771396636963,0.6866292953491211,0.5677604675292969,0.3296852111816406,0.026544570922851562,0.2386178970336914,0.35958027839660645,0.2877058982849121,0.05540657043457031,0.2594759464263916,0.588799238204956,0.8995418548583984,1.1696491241455078,1.3502981662750244,1.362839937210083,1.1463878154754639,0.7159295082092285,0.17727184295654297
0.05924391746520996,0.19818544387817383,0.30656862258911133,0.3631765842437744,0.34804725646972656,0.24989771842956543,0.07515239715576172,0.15001583099365234,0.385845422744751,0.5900421142578125,0.7273044586181641,0.7735424041748047,0.7159457206726074,0.5523059368133545,0.29445576667785645,0.029591798782348633,0.37569642066955566,0.6913480758666992,0.9282166957855225,1.0549399852752686,1.0621981620788574,0.9596693515777588,0.7681188583374023,0.5114650726318359,0.21550226211547852,0.0901176929473877,0.3702549934387207,0.5888733863830566,0.7185666561126709,0.750525712966919,0.6967852115631104,0.5827188491821289,0.4354560375213623
0.22573447227478027,0.051329612731933594,0.3398120403289795,0.5840425491333008,0.7426450252532959,0.8120205402374268,0.8319835662841797,0.8625483512878418,0.9456372261047363,1.0781407356262207,1.213038682937622,1.2824392318725586,1.2217438220977783,0.9844129085540771,0.5505988597869873,0.05853629112243652,0.7633857727050781,1.4296727180480957,1.9063920974731445,1.999999761581421,1.9721002578735352,1.6396896839141846,1.2167494297027588,0.7972900867462158,0.4134042263031006,0.05866527557373047,0.2641150951385498,0.5179026126861572,0.6520557403564453,0.6457574367523193,0.5277528762817383
0.5266814231872559,0.4367084503173828,0.31446290016174316,0.16174674034118652,0.020112037658691406,0.22071075439453125,0.41898536682128906,0.5886802673339844,0.705207109451294,0.7496473789215088,0.711599588394165,0.5931203365325928,0.4103562831878662,0.19069218635559082,0.03702712059020996,0.2514936923980713,0.44069552421569824,0.5954599380493164,0.7032732963562012,0.7500193119049072,0.7285318374633789,0.6456294059753418,0.5174586772918701,0.3586387634277344,0.1757502555847168,0.026425838470458984,0.2314159870147705,0.4061706066131592,0.5131573677062988,0.532595157623291,0.47466492652893066,0.3718099594116211,0.2555975914001465,0.13971972465515137,0.022305011749267578
0.392871618270874,0.29171180725097656,0.14322853088378906,0.016206026077270508,0.16055941581726074,0.2745676040649414,0.3394167423248291,0.32725000381469727,0.21720623970031738,0.018899202346801758,0.2209455966949463,0.4429752826690674,0.6102533340454102,0.7244949340820312,0.8079009056091309,0.8697171211242676,0.8892998695373535,0.8322539329528809,0.683657169342041,0.46381115913391113,0.21250414848327637,0.04377412796020508,0.3068561553955078,0.5876741409301758,0.8703863620758057,1.0961730480194092,1.1884398460388184,1.1017506122589111,0.8581905364990234,0.5361616611480713,0.22495269775390625,0.021565914154052734,0.1957099437713623,0.31082987785339355,0.36748480796813965,0.34502315521240234,0.22510027885437012,0.021979331970214844
0.53322434425354,0.3950042724609375,0.20110559463500977,0.05959725379943848,0.39071035385131836,0.7681496143341064,1.1331005096435547,1.4101412296295166,1.5439841747283936,1.5283677577972412,1.4041051864624023,1.2259421348571777,1.0218837261199951,0.7785224914550781,0.46146202087402344,0.05280113220214844,0.4228987693786621,0.9034078121185303,1.3141236305236816,1.5958623886108398,1.7186079025268555,1.6845571994781494,1.5211966037750244,1.2717347145080566,0.9788384437561035,0.6663639545440674,0.3324320316314697,0.036546945571899414,0.43631720542907715,0.8230843544006348,1.1221864223480225,1.2664289474487305,1.236020565032959,1.068035364151001,0.8286488056182861,0.5683484077453613,0.2990298271179199,0.007223606109619141,0.31128478050231934,0.6271827220916748,0.8847370147705078,1.031914234161377,1.0488038063049316,0.951859712600708,0.7770164012908936,0.5551269054412842,0.3008904457092285,0.019012928009033203,0.2804749011993408,0.5701816082000732,0.8058454990386963,0.9385707378387451,0.9338700771331787,0.7853586673736572,0.5190207958221436,0.18283891677856445,0.17112302780151367,0.5026381015777588,0.789325475692749,1.0212445259094238,1.1905748844146729,1.2842209339141846,1.2855093479156494,1.181095838546753,0.9702355861663818,0.6706385612487793,0.31717872619628906,0.04508256912231445,0.37345194816589355,0.6385838985443115,0.8288586139678955,0.943690299987793,0.9826521873474121,0.9387805461883545,0.8038938045501709,0.5834641456604004,0.3061528205871582,0.01984238624572754,0.22722434997558594,0.40569210052490234,0.5122578144073486,0.5588111877441406,0.5551550388336182,0.4975876808166504,0.37027692794799805,0.15772533416748047,0.14181947708129883,0.5071501731872559,0.8930110931396484,1.2389371395111084,1.4867820739746094,1.601705551147461,1.5850517749786377,1.470108985900879,1.2973759174346924,1.087204933166504,0.8276569843292236,0.48869919776916504,0.05454587936401367,0.4511871337890625,0.9635567665100098,1.4007256031036377,1.6963708400726318,1.8228161334991455,1.7911179065704346,1.6362578868865967,1.3973071575164795,1.1022968292236328,0.7646396160125732,0.3887817859649658,0.01729273796081543,0.42987656593322754,0.8061261177062988,1.093775987625122,1.250701665878296,1.2620000839233398,1.1452839374542236,0.9369959831237793,0.6734039783477783,0.37743330001831055,0.06089663505554199,0.26192617416381836,0.5630431175231934,0.8021786212921143,0.9420580863952637,0.9653947353363037
1.3508856296539307,1.2955033779144287,1.1880638599395752,1.03218674659729,0.8335027694702148,0.5997295379638672,0.340517520904541,0.06692218780517578,0.20890164375305176,0.4743821620941162,0.71706223487854,0.9254331588745117,1.0893607139587402,1.2009117603302002,1.254725694656372,1.2480812072753906,1.1814687252044678,1.0579299926757812,0.8831603527069092,0.6650865077972412,0.41323375701904297,0.1385798454284668,0.1472461223602295,0.43227124214172363,0.7046847343444824,0.9531266689300537,1.1672065258026123,1.3377137184143066,1.4569203853607178,1.519160270690918,1.5207009315490723,1.460421085357666,1.3397762775421143,1.162811040878296,0.9365262985229492,0.6702163219451904,0.3754138946533203,0.06521964073181152,0.24636292457580566,0.5451550483703613,0.8175919055938721,1.0514848232269287,1.23683500289917
0.11663508415222168,0.5968101024627686,1.0208940505981445,1.358750581741333,1.584524393081665,1.6789524555206299,1.6322619915008545,1.4483041763305664,1.1467797756195068,0.759397029876709,0.3242170810699463,0.12154150009155273,0.5450279712677002,0.9180374145507812,1.2150824069976807,1.41310453414917,1.493469476699829,1.444758415222168,1.2670340538024902,0.9717001914978027,0.5815103054046631,0.1287236213684082,0.3478279113769531,0.8062407970428467,1.2069220542907715,1.51778244972229,1.7184901237487793,1.800351858139038,1.7650237083435059,1.620955467224121,1.3815994262695312
0.5289008617401123,0.7417752742767334,0.8961818218231201,0.9809248447418213,0.9901752471923828,0.9243443012237549,0.7892622947692871,0.5959219932556152,0.35924530029296875,0.09723591804504395,0.1698753833770752,0.42128920555114746,0.6375010013580322,0.80224609375,0.9032485485076904,0.9330847263336182,0.8884680271148682,0.7708487510681152,0.5871829986572266,0.350050687789917,0.07766222953796387,0.20828866958618164,0.48479723930358887,0.7299351692199707,0.9243464469909668,1.0528631210327148,1.1055889129638672,1.0788755416870117,0.9762728214263916
1.074761152267456,1.0957272052764893,1.1131694316864014,1.1215059757232666,1.1220059394836426,1.121039628982544,1.1238789558410645,1.130333662033081,1.1358592510223389,1.1357839107513428,1.127786636352539,1.1110942363739014,1.0850496292114258,1.0502405166625977,1.0111439228057861,0.9757840633392334,0.9505541324615479,0.9340479373931885,0.9167702198028564,0.888892412185669,0.8500006198883057,0.8115856647491455,0.7887959480285645,0.7885434627532959,0.8044965267181396,0.824120044708252,0.8404009342193604,0.8571839332580566,0.8829948902130127,0.9198713302612305,0.9588041305541992,0.9864568710327148,0.9968454837799072,0.9962804317474365,0.9971411228179932,1.0064458847045898,1.0204505920410156,1.0297784805297852,1.0294663906097412,1.0238614082336426,1.0221278667449951,1.029660940170288,1.043938159942627,1.058497428894043,1.0699455738067627,1.0807206630706787,1.0950839519500732,1.1130013465881348,1.1285126209259033,1.1342618465423584,1.1279067993164062,1.1142377853393555,1.101550579071045,1.095564842224121,1.09613037109375,1.0984597206115723,1.0969634056091309
0.05773282051086426,0.06344342231750488,0.1904618740081787,0.3208460807800293,0.456679105758667,0.5924599170684814,0.7055721282958984,0.7606716156005859,0.7282629013061523,0.6047217845916748,0.41878700256347656,0.21673321723937988,0.038263559341430664,0.10103893280029297,0.20856428146362305,0.29923486709594727,0.3784651756286621,0.4366626739501953,0.456606388092041,0.4257197380065918,0.34478235244750977,0.22739219665527344,0.09409141540527344,0.034816741943359375,0.14388442039489746,0.22397685050964355,0.27112698554992676,0.2843966484069824,0.26430535316467285,0.21230053901672363,0.13231110572814941,0.03226757049560547,0.07558608055114746,0.17632102966308594,0.2551305294036865,0.29993557929992676,0.3034646511077881,0.26465439796447754,0.18976116180419922
0.5233423709869385,0.47753190994262695,0.3918788433074951,0.28303098678588867,0.16761183738708496,0.04794883728027344,0.09315609931945801,0.2815670967102051,0.5293385982513428,0.8160176277160645,1.0883848667144775,1.2815663814544678,1.3494582176208496,1.286510944366455,1.1280922889709473,0.9292001724243164,0.7360422611236572,0.5648229122161865,0.39984822273254395,0.21044087409973145,0.02348780632019043,0.2919347286224365,0.554091215133667,0.7568211555480957,0.862666130065918,0.868441104888916,0.8047637939453125,0.7161023616790771,0.6366851329803467,0.5775694847106934,0.5313663482666016,0.48732423782348633,0.44405674934387207,0.41133761405944824,0.4021923542022705,0.4231266975402832,0.4688072204589844,0.5228345394134521,0.5629000663757324
0.4907200336456299,1.0425171852111816,1.4720425605773926,1.7342219352722168,1.8056716918945312,1.6796391010284424,1.3622121810913086,0.8764753341674805,0.2659778594970703,0.4055655002593994,1.0570471286773682,1.597611665725708,1.9381155967712402,1.999999761581421,1.7836971282958984,1.2843925952911377,0.5898144245147705,0.18614792823791504,0.918982744216919,1.498180866241455,1.8442120552062988,1.917086124420166,1.717956781387329,1.2890863418579102,0.7029311656951904,0.049224853515625,0.582209587097168,1.1140244007110596,1.4885568618774414,1.6682162284851074,1.6359291076660156,1.3971214294433594,0.9801723957061768,0.43741536140441895,0.1608583927154541,0.7344253063201904,1.2046573162078857,1.5058367252349854,1.5967369079589844,1.4674310684204102
0.42833590507507324,0.2940964698791504,0.2605478763580322,0.3708183765411377,0.6066238880157471,0.8904664516448975,1.1197035312652588,1.216200828552246,1.1580939292907715,0.9783270359039307,0.7331526279449463,0.47260165214538574,0.23077106475830078,0.03416109085083008,0.09472322463989258,0.15027165412902832,0.16167306900024414,0.18799710273742676,0.28188562393188477,0.44705963134765625,0.6312270164489746,0.7664413452148438,0.8262064456939697,0.8464210033416748,0.8911235332489014,0.993666410446167,1.1297099590301514,1.2447187900543213,1.306201696395874,1.327589511871338,1.343506097793579,1.3680529594421387,1.3825993537902832,1.363617181777954,1.3134326934814453
0.9452486038208008,1.1937403678894043,1.2921490669250488,1.2514147758483887,1.0816552639007568,0.7842593193054199,0.37457752227783203,0.0901343822479248,0.5160167217254639,0.8126316070556641,0.9393351078033447,0.9164247512817383,0.7964277267456055,0.619560956954956,0.3954427242279053,0.12012171745300293,0.1952066421508789,0.5147686004638672,0.7973465919494629,1.0203099250793457,1.1820297241210938,1.2775535583496094,1.2746143341064453,1.1178522109985352,0.7646770477294922,0.22978758811950684,0.40172648429870605,0.9990708827972412,1.436227560043335,1.6333706378936768,1.5744857788085938,1.2952244281768799
1.8418478965759277,1.9601693153381348,1.897536039352417,1.6495647430419922,1.2341020107269287,0.6903579235076904,0.07547307014465332,0.5445151329040527,1.1058828830718994,1.5572831630706787,1.8651626110076904,1.999999761581421,1.999999761581421,1.848466396331787,1.5653650760650635,1.1819896697998047,0.7298150062561035,0.24349570274353027,0.24301528930664062,0.6995100975036621,1.101485252380371,1.4290690422058105,1.6654460430145264,1.794337272644043,1.8010053634643555,1.676260232925415,1.4208645820617676,1.05063796043396
0.4476313591003418,0.49515581130981445,0.5231735706329346,0.5390346050262451,0.552619457244873,0.5693297386169434,0.5864205360412598,0.5945866107940674,0.5832498073577881,0.5464582443237305,0.4859302043914795,0.41069531440734863,0.33348917961120605,0.2653467655181885,0.21044087409973145,0.16372418403625488,0.11310720443725586,0.04601740837097168,0.04314756393432617,0.1489858627319336,0.2576570510864258,0.3542788028717041,0.43067431449890137,0.4883294105529785,0.5357534885406494,0.582531213760376,0.6343367099761963,0.6910336017608643,0.7475941181182861,0.7960779666900635,0.8280434608459473,0.8372986316680908,0.8231790065765381,0.7920513153076172,0.755500078201294,0.724705696105957,0.7040178775787354,0.6879260540008545,0.6639750003814697,0.6197388172149658,0.549724817276001,0.4576292037963867,0.3539426326751709,0.2508246898651123
0.9622483253479004,0.9731416702270508,0.9530680179595947,0.9024412631988525,0.8351402282714844,0.7716083526611328,0.7259252071380615,0.6993041038513184,0.6853418350219727,0.6804955005645752,0.6886265277862549,0.7162566184997559,0.765103816986084,0.8310410976409912,0.9101290702819824,1.002943515777588,1.1102430820465088,1.2225682735443115,1.3153305053710938,1.3569061756134033,1.3254783153533936,1.2200379371643066,1.0566697120666504,0.8541438579559326,0.6210839748382568,0.35625171661376953,0.05900883674621582,0.2603139877319336,0.5786657333374023,0.8673946857452393,1.1007771492004395,1.2608563899993896,1.3377742767333984,1.330639362335205,1.2474181652069092,1.1045842170715332,0.9234821796417236,0.7250189781188965,0.5267939567565918,0.3429887294769287,0.1852262020111084,0.06099581718444824,0.02891397476196289,0.09075736999511719,0.13248372077941895,0.15607047080993652,0.15409398078918457,0.11404252052307129,0.028024673461914062,0.10028076171875,0.2568178176879883,0.42426037788391113,0.589432954788208,0.7447948455810547,0.8850300312042236,1.0030591487884521,1.0899326801300049,1.1378507614135742,1.1436336040496826,1.1099460124969482,1.043550729751587
1.049576997756958,1.2540478706359863,1.3586835861206055,1.3609693050384521,1.2716593742370605,1.1084184646606445,0.888944149017334,0.6251425743103027,0.3224332332611084,0.014487743377685547,0.37416887283325195,0.733673095703125,1.0614256858825684,1.3258106708526611,1.50459623336792,1.587573766708374,1.5719270706176758,1.455439805984497,1.2331442832946777,0.9040787220001221,0.482006311416626,0.002880096435546875,0.4780285358428955,0.9005603790283203,1.2168331146240234,1.4023025035858154,1.4543907642364502,1.3847613334655762,1.2085351943969727,0.9416403770446777,0.604332447052002,0.22608065605163574,0.15325403213500977,0.49016642570495605,0.7479603290557861,0.9065442085266113,0.9649581909179688,0.9382979869842529
0.8017840385437012,1.009305477142334,1.1458218097686768,1.2074768543243408,1.1893677711486816,1.0885727405548096,0.9106721878051758,0.6739785671234131,0.4065868854522705,0.13955307006835938,0.10121417045593262,0.29968857765197754,0.4511449337005615,0.5598630905151367,0.6359822750091553,0.6914637088775635,0.7361874580383301,0.7753558158874512,0.8086378574371338,0.8313617706298828,0.8365516662597656,0.8163259029388428,0.762775182723999,0.6685495376586914,0.5285091400146484,0.3424961566925049,0.11697912216186523,0.1345512866973877,0.39375734329223633,0.6401481628417969,0.8534383773803711,1.0147595405578613,1.1081876754760742,1.1230297088623047,1.0561223030090332,0.9144914150238037
0.7167623043060303,0.9512372016906738,1.1318459510803223,1.2467501163482666,1.2880537509918213,1.2518105506896973,1.1394131183624268,0.9602394104003906,0.7314128875732422,0.47596263885498047,0.2181568145751953,0.021277666091918945,0.2284696102142334,0.39672231674194336,0.5248875617980957,0.6151318550109863,0.6711666584014893,0.698298454284668,0.7035136222839355,0.695246696472168,0.6818327903747559,0.6690826416015625,0.6584601402282715,0.6468307971954346,0.6278536319732666,0.594135046005249,0.5387825965881348,0.45629239082336426,0.34307861328125,0.1981983184814453,0.02487015724182129,0.16918015480041504,0.3722388744354248,0.5705575942993164,0.75026535987854,0.8985238075256348,1.0036005973815918,1.0553431510925293,1.047170877456665,0.9781875610351562,0.8551616668701172,0.6911215782165527,0.5019426345825195
1.1929280757904053,0.9886720180511475,0.6784157752990723,0.3037590980529785,0.10660648345947266,0.537114143371582,0.969505786895752,1.3665850162506104,1.673109769821167,1.8351714611053467,1.8258140087127686,1.6579484939575195,1.3748345375061035,1.0286564826965332,0.6591882705688477,0.28784894943237305,0.07513761520385742,0.41962766647338867,0.7307534217834473,0.9924285411834717,1.1939427852630615,1.3335292339324951,1.4152500629425049,1.44398832321167,1.4214694499969482,1.3456816673278809,1.2129852771759033,1.0194194316864014,0.7628350257873535,0.445906400680542,0.08002710342407227,0.3114161491394043,0.695530891418457,1.0372774600982666,1.309161901473999,1.4958817958831787,1.592379093170166,1.5957365036010742,1.4997563362121582,1.2980639934539795,0.9932489395141602,0.6074032783508301
0.6214358806610107,0.8827173709869385,1.0992357730865479,1.2527217864990234,1.3276939392089844,1.3164079189300537,1.2206096649169922,1.047835111618042,0.8049755096435547,0.4970431327819824,0.13134121894836426,0.27547693252563477,0.6944873332977295,1.0896356105804443,1.4268863201141357,1.6808757781982422,1.8340740203857422,1.872941493988037,1.7847778797149658,1.5631606578826904,1.2171196937561035,0.7759265899658203,0.2853736877441406,0.20634675025939941,0.6613922119140625,1.0567936897277832,1.3776922225952148,1.608163833618164,1.7276101112365723,1.7179875373840332,1.5768682956695557,1.3234105110168457,0.9943099021911621
0.17330455780029297,0.3670358657836914,0.507075309753418,0.5870132446289062,0.6116738319396973,0.5892684459686279,0.5239462852478027,0.4136974811553955,0.2552144527435303,0.051245927810668945,0.18339753150939941,0.4225475788116455,0.6359484195709229,0.7996723651885986,0.9032838344573975,0.9502367973327637,0.9512677192687988,0.9144377708435059,0.8389167785644531,0.7154541015625,0.5340907573699951,0.29477596282958984,0.013518571853637695,0.27850341796875,0.5438699722290039,0.749793291091919,0.8763463497161865,0.9170548915863037,0.8756310939788818,0.7620792388916016,0.5920505523681641
0.2615652084350586,0.7929620742797852,1.2422103881835938,1.506072998046875,1.553485631942749,1.4185247421264648,1.1627097129821777,0.8392183780670166,0.491074800491333,0.17028045654296875,0.05224251747131348,0.10965394973754883,0.01759815216064453,0.27130556106567383,0.5277082920074463,0.6504917144775391,0.5520005226135254,0.22575092315673828,0.26210689544677734,0.8061869144439697,1.297595500946045,1.6443729400634766,1.7825489044189453,1.6850252151489258,1.3737444877624512,0.9170570373535156,0.411304235458374,0.05293416976928711,0.41748619079589844,0.6617920398712158,0.7856557369232178,0.7916152477264404,0.6846210956573486,0.4875667095184326
0.27198290824890137,0.2721292972564697,0.24690866470336914,0.19698238372802734,0.11378955841064453,0.012406110763549805,0.1794145107269287,0.36466240882873535,0.5284216403961182,0.6305587291717529,0.6518480777740479,0.607752799987793,0.5425734519958496,0.5063886642456055,0.525867223739624,0.5878317356109619,0.6454112529754639,0.644113302230835,0.5504171848297119,0.36597347259521484,0.12020611763000488,0.14865899085998535,0.4109177589416504,0.6488652229309082,0.8498413562774658,0.9985947608947754,1.0789690017700195,1.0828742980957031,1.018761157989502,0.9106838703155518,0.7863137722015381,0.6629166603088379,0.5400686264038086,0.4040069580078125,0.2400357723236084,0.04465532302856445,0.1686391830444336,0.37240147590637207,0.534064769744873,0.6271898746490479,0.6396112442016602,0.5770895481109619
0.8151166439056396,0.9774458408355713,1.093576431274414,1.186826467514038,1.2793035507202148,1.3844902515411377,1.5018088817596436,1.61505126953125,1.695261001586914,1.7085132598876953,1.6256988048553467,1.4328193664550781,1.1357762813568115,0.7596924304962158,0.3425869941711426,0.07473444938659668,0.4577648639678955,0.7845628261566162,1.047229528427124,1.2501723766326904,1.4050092697143555,1.5260052680969238,1.6261100769042969,1.7148003578186035,1.797234296798706,1.873291254043579,1.9362156391143799,1.9713292121887207,1.956247329711914,1.8652665615081787,1.6767897605895996,1.3826522827148438,0.9951727390289307,0.54665207862854,0.08246588706970215,0.35196518898010254,0.7231099605560303,1.0165801048278809,1.2356603145599365,1.3950612545013428,1.5124342441558838,1.6025595664978027,1.6756384372711182,1.7375335693359375,1.790433406829834,1.8322091102600098,1.8552141189575195,1.8465027809143066,1.7899882793426514,1.6707117557525635,1.4798469543457031,1.217966079711914,0.8972408771514893,0.5399508476257324,0.17499208450317383,0.1678931713104248,0.4642963409423828
1.1561968326568604,1.2087492942810059,1.0222036838531494,0.584460973739624,0.04210853576660156,0.7396233081817627,1.3657557964324951,1.7894370555877686,1.9208805561065674,1.7321527004241943,1.26357102394104,0.6124458312988281,0.0884392261505127,0.7047257423400879,1.1325361728668213,1.3225429058074951,1.2821071147918701,1.060487985610962,0.7201025485992432,0.3135707378387451,0.1232142448425293,0.5625672340393066,0.9704647064208984,1.3005328178405762,1.5013775825500488,1.5353012084960938,1.393418312072754,1.102597951889038,0.7186169624328613,0.3099372386932373,0.060239315032958984,0.3486320972442627,0.5380852222442627,0.6353981494903564,0.6616437435150146,0.6419055461883545,0.5963039398193359,0.5358355045318604,0.46170878410339355,0.3671224117279053,0.24179816246032715,0.07881283760070801,0.11829924583435059,0.3314783573150635,0.5306010246276855,0.6800792217254639,0.7462239265441895,0.7017898559570312,0.5323262214660645,0.24411797523498535,0.1247551441192627,0.5025272369384766,0.8009982109069824,0.9517929553985596,0.9428756237030029,0.8315455913543701,0.7194530963897705,0.698901891708374,0.8008160591125488,0.9749577045440674,1.1123459339141846,1.0971221923828125,0.8583500385284424,0.4001619815826416,0.20118999481201172,0.8252396583557129,1.345036268234253,1.6609349250793457,1.7208170890808105,1.5252668857574463,1.1186952590942383,0.5779800415039062,0.004172801971435547,0.5338692665100098,0.9332430362701416,1.1547799110412598,1.1898267269134521,1.0616776943206787,0.8080952167510986,0.46378469467163086,0.05322146415710449,0.39947032928466797,0.8556380271911621,1.2559401988983154,1.532613754272461
0.12772154808044434,0.23054003715515137,0.33455705642700195,0.43918395042419434,0.5439350605010986,0.648529052734375,0.7526929378509521,0.8558335304260254,0.9569604396820068,1.054985523223877,1.149179458618164,1.239316701889038,1.325287103652954,1.406588077545166,1.4821085929870605,1.550522804260254,1.610952615737915,1.6632020473480225,1.707507848739624,1.743910312652588,1.7719502449035645,1.7909815311431885,1.800614833831787,1.801011562347412,1.7925901412963867,1.7755086421966553,1.7495524883270264,1.7143473625183105,1.6698896884918213,1.61676025390625,1.5558390617370605,1.4879510402679443,1.4135820865631104,1.3330307006835938,1.2466754913330078,1.1550273895263672,1.0586373805999756,0.9578990936279297,0.853062629699707
0.2404649257659912,0.3562469482421875,0.47139835357666016,0.5759069919586182,0.6612851619720459,0.722785234451294,0.7609965801239014,0.7820096015930176,0.7958314418792725,0.8136534690856934,0.8444781303405762,0.8924715518951416,0.955674409866333,1.0267364978790283,1.0950384140014648,1.14985990524292,1.1833727359771729,1.1930036544799805,1.1819653511047363,1.1583759784698486,1.1326229572296143,1.114088535308838,1.1080269813537598,1.1138627529144287,1.125241994857788,1.1320505142211914,1.1235735416412354,1.092087984085083,1.0354201793670654,0.9581162929534912,0.8706278800964355,0.7865982055664062,0.7190966606140137,0.67673659324646,0.6609547138214111,0.6651086807250977,0.6762149333953857,0.6783015727996826,0.6568641662597656,0.6026828289031982,0.5145144462585449,0.3990159034729004,0.26892924308776855,0.1393146514892578,0.023403406143188477,0.07103657722473145,0.14333581924438477,0.19955205917358398,0.2500185966491699
0.08711504936218262,0.16577434539794922,0.24372267723083496,0.3207218647003174,0.39639806747436523,0.47026515007019043,0.5418877601623535,0.611053466796875,0.6777355670928955,0.7418770790100098,0.8032412528991699,0.8614335060119629,0.9161334037780762,0.9672424793243408,1.0147697925567627,1.0586156845092773,1.0984010696411133,1.1336276531219482,1.1639955043792725,1.1895363330841064,1.2105050086975098,1.2270276546478271,1.2389419078826904,1.2459688186645508,1.2479808330535889,1.2451763153076172,1.2378733158111572,1.226191520690918,1.2099835872650146,1.1890358924865723,1.163450002670288,1.1337480545043945,1.100590705871582,1.0644173622131348,1.0252659320831299,0.9830241203308105,0.9378194808959961,0.8901479244232178,0.8406524658203125,0.7897040843963623,0.7372238636016846,0.6829009056091309,0.6265854835510254,0.5685467720031738,0.5093445777893066,0.44950246810913086,0.389268159866333,0.3286399841308594,0.26757073402404785
0.904674768447876,0.8777871131896973,0.718184232711792,0.37641286849975586,0.14514470100402832,0.7663452625274658,1.343747615814209,1.7283620834350586,1.834118366241455,1.6796436309814453,1.374359130859375,1.0608601570129395,0.8470947742462158,0.7654609680175781,0.7742204666137695,0.7918903827667236,0.7388572692871094,0.5669424533843994,0.26871252059936523,0.1254897117614746,0.556201696395874,0.9463002681732178,1.2170240879058838,1.309068202972412,1.2028868198394775,0.9287092685699463,0.5545587539672852,0.15960049629211426,0.1968221664428711,0.48947572708129883,0.7181994915008545,0.8817157745361328,0.9569358825683594,0.9008753299713135,0.6764495372772217,0.28829503059387207,0.2015519142150879,0.6865317821502686,1.05556321144104,1.2354156970977783
0.06963729858398438,0.10029911994934082,0.12619876861572266,0.14204907417297363,0.14523720741271973,0.13689804077148438,0.12085962295532227,0.1011955738067627,0.08001112937927246,0.05694293975830078,0.03047037124633789,7.557868957519531e-05,0.0322575569152832,0.06247115135192871,0.08663797378540039,0.10351729393005371,0.11532855033874512,0.1258707046508789,0.13700294494628906,0.14639878273010254,0.14860892295837402,0.1387932300567627,0.11631155014038086,0.08496260643005371,0.05012178421020508,0.015431404113769531,0.01787734031677246,0.04880356788635254,0.0743265151977539,0.08994746208190918,0.09301590919494629,0.0854027271270752,0.07277226448059082,0.06050586700439453,0.050110578536987305,0.03938889503479004,0.02613973617553711
0.14016222953796387,0.20906281471252441,0.2428722381591797,0.2396228313446045,0.20441627502441406,0.1489715576171875,0.08953976631164551,0.04180908203125,0.015304803848266602,0.009972095489501953,0.017769575119018555,0.027697324752807617,0.03161334991455078,0.027304410934448242,0.017759323120117188,0.007512807846069336,0.0014824867248535156,0.0126800537109375,0.03538918495178223,0.08234143257141113,0.16449356079101562,0.28403615951538086,0.427783727645874,0.5655355453491211,0.6554887294769287,0.6571428775787354,0.5460050106048584,0.32549548149108887,0.027168989181518555,0.2973313331604004,0.5906429290771484,0.802128791809082,0.896005392074585,0.8532688617706299,0.6730899810791016,0.3754415512084961,0.0024871826171875,0.38289713859558105,0.7080345153808594,0.9073057174682617,0.9413321018218994,0.8069968223571777,0.5376944541931152,0.19092822074890137,0.1678621768951416,0.47939109802246094,0.698911190032959,0.7998631000518799,0.7753136157989502,0.6378090381622314,0.41901445388793945,0.16310715675354004,0.08248233795166016,0.27860236167907715,0.40207362174987793,0.44795727729797363,0.42494630813598633,0.34907031059265137,0.23888039588928223,0.11311101913452148,0.009638071060180664,0.11246728897094727,0.18319344520568848,0.2178342342376709,0.22089290618896484,0.2021617889404297,0.17082953453063965,0.1309528350830078,0.08133673667907715,0.019635915756225586,0.05207371711730957,0.1244511604309082,0.1827700138092041,0.2125413417816162,0.20518946647644043,0.16098928451538086,0.08838868141174316,0.0007557868957519531,0.08657169342041016,0.15849614143371582,0.20150017738342285,0.20573997497558594,0.16741657257080078,0.09149432182312012,0.007758617401123047,0.10889554023742676,0.18814873695373535,0.22566747665405273,0.21133828163146973,0.1481328010559082,0.051308631896972656,0.055898189544677734,0.14983820915222168,0.2132573127746582,0.23924612998962402,0.23041892051696777,0.19566726684570312,0.14622020721435547,0.09375309944152832,0.04948282241821289,0.02244400978088379,0.01602458953857422,0.025216102600097656,0.03799271583557129,0.04198408126831055,0.03246498107910156,0.014740943908691406,0.003035306930541992,0.022355079650878906,0.06148076057434082,0.1481337547302246,0.2988157272338867,0.4976191520690918,0.6913156509399414,0.8072819709777832,0.7859845161437988,0.6084175109863281,0.30350613594055176,0.06843805313110352,0.43979644775390625,0.7537827491760254,0.9672021865844727,1.0464966297149658,0.9663989543914795,0.7207241058349609,0.3360562324523926,0.12336015701293945,0.5671901702880859,0.9055213928222656,1.0750963687896729,1.0539121627807617,0.8582305908203125,0.5324275493621826,0.134918212890625,0.26976871490478516,0.6179955005645752,0.8551301956176758,0.9469883441925049,0.8878724575042725,0.7016301155090332,0.43415355682373047,0.13922953605651855,0.13344526290893555,0.34621763229370117,0.47591209411621094,0.514946460723877,0.47026562690734863,0.36224913597106934,0.2201063632965088,0.0746614933013916,0.04925990104675293,0.13785266876220703,0.18881654739379883,0.20800232887268066,0.20417189598083496,0.18498897552490234,0.15483880043029785,0.11529922485351562,0.0672917366027832,0.013551712036132812,0.03993415832519531,0.08486270904541016,0.11347579956054688,0.12191963195800781,0.11141109466552734,0.08679389953613281,0.0533292293548584,0.014594554901123047,0.02671337127685547,0.06606745719909668
0.04125356674194336,0.055266380310058594,0.06690573692321777,0.07065391540527344,0.06363725662231445,0.047156333923339844,0.025750398635864258,0.0045015811920166016,0.013511419296264648,0.027959585189819336,0.03988075256347656,0.049422264099121094,0.05452322959899902,0.05169343948364258,0.03833341598510742,0.014986753463745117,0.014014959335327148,0.0421750545501709,0.0635385513305664,0.07496523857116699,0.07659435272216797,0.07066535949707031,0.05944681167602539,0.04395651817321777,0.02405238151550293,0.0002956390380859375,0.0274808406829834,0.05371809005737305,0.07381582260131836,0.08304953575134277,0.0789947509765625,0.06263279914855957,0.037911415100097656,0.010335683822631836,0.0148162841796875
0.07660508155822754,0.08944272994995117,0.09103727340698242,0.08034825325012207,0.05861067771911621,0.02918386459350586,0.0034461021423339844,0.03465986251831055,0.060491323471069336,0.07790708541870117,0.08496952056884766,0.08094906806945801,0.06665301322937012,0.044632911682128906,0.01878833770751953,0.006563663482666016,0.02797698974609375,0.043715476989746094,0.053740501403808594,0.05872917175292969,0.05894184112548828,0.053650617599487305,0.041622161865234375,0.022445201873779297,0.002370119094848633,0.02915191650390625,0.0531005859375,0.0699307918548584,0.07732486724853516,0.0752711296081543,0.06546378135681152,0.050223350524902344,0.03162407875061035,0.011315584182739258,0.009237527847290039,0.028418302536010742,0.044405460357666016,0.05535697937011719,0.05972146987915039,0.05645155906677246,0.04518294334411621,0.026592016220092773,0.0026776790618896484,0.023067235946655273,0.04612922668457031,0.06202292442321777,0.06771016120910645,0.06248950958251953,0.04809975624084473,0.027899503707885742,0.005658626556396484,0.01527547836303711,0.03223395347595215,0.043047189712524414,0.046051025390625
0.07158327102661133,0.04975581169128418,0.03513526916503906,0.026743412017822266,0.018787384033203125,0.005063295364379883,0.015524625778198242,0.036417484283447266,0.04606771469116211,0.03481316566467285,0.0011477470397949219,0.04670286178588867,0.09576940536499023,0.13565325736999512,0.1629807949066162,0.1793053150177002,0.18465614318847656,0.17232108116149902,0.13037919998168945,0.050511837005615234,0.0620877742767334,0.1843552589416504,0.28169798851013184,0.3215904235839844,0.2880520820617676,0.18758344650268555,0.04571270942687988,0.10415148735046387,0.23203706741333008,0.3181581497192383,0.3532595634460449,0.3359792232513428,0.270550012588501,0.1662733554840088,0.03882122039794922,0.09042906761169434,0.19760417938232422,0.2625272274017334,0.27463722229003906,0.23670125007629395,0.1633014678955078,0.07533073425292969,0.0073566436767578125,0.07193589210510254,0.1145620346069336,0.13794898986816406,0.14653372764587402,0.14268875122070312,0.12588930130004883,0.09538459777832031
1.5645217895507812,1.6001553535461426,1.6304261684417725,1.6550805568695068,1.6392602920532227,1.5028774738311768,1.1578924655914307,0.5759801864624023,0.16478800773620605,0.9003398418426514,1.465224027633667,1.7806780338287354,1.8816239833831787,1.868058681488037,1.8297884464263916,1.8047258853912354,1.7947678565979004,1.8010847568511963,1.8289134502410889,1.8530166149139404,1.7895526885986328,1.5238251686096191,0.9927158355712891,0.2538628578186035,0.5214583873748779,1.1444413661956787,1.517690896987915,1.6765005588531494,1.7307994365692139,1.7700843811035156,1.8105967044830322,1.8223695755004883,1.7930381298065186,1.7550628185272217,1.7472705841064453,1.7513577938079834,1.673816442489624,1.4031450748443604,0.897268533706665,0.22936534881591797,0.44946765899658203,0.9989345073699951,1.3610427379608154,1.5645737648010254,1.676607608795166,1.7495813369750977,1.803112506866455,1.8395533561706543,1.8611705303192139,1.8669092655181885,1.8364951610565186,1.7268524169921875
0.4737839698791504,0.6302962303161621,0.7863914966583252,0.9433987140655518,1.097830057144165,1.2387423515319824,1.3486051559448242,1.4069783687591553,1.3937232494354248,1.2919013500213623,1.0901110172271729,0.7857491970062256,0.38994574546813965,0.07145190238952637,0.5598745346069336,1.030900239944458,1.4414374828338623,1.7555809020996094,1.9467647075653076,1.9997754096984863,1.9133460521697998,1.7008874416351318,1.3900656700134277,1.0161511898040771,0.614593505859375,0.2153186798095703,0.15844416618347168,0.48805856704711914,0.7577779293060303,0.9558248519897461,1.0782232284545898,1.1301195621490479,1.1244359016418457,1.076887845993042,1.0011255741119385,0.9068360328674316,0.7997925281524658,0.6828775405883789,0.556079626083374,0.41608166694641113,0.2574043273925781,0.07559990882873535,0.1283736228942871,0.3451967239379883,0.557744026184082,0.7447149753570557,0.885643482208252,0.9647243022918701,0.9731295108795166,0.9085774421691895,0.7752234935760498,0.5830340385437012,0.3473165035247803,0.0880885124206543,0.17259764671325684,0.4137442111968994,0.6185667514801025,0.775550365447998,0.8781979084014893,0.9231228828430176,0.9096078872680664,0.8406915664672852,0.7241685390472412,0.5728416442871094,0.4015967845916748,0.22371554374694824,0.04826188087463379,0.11977910995483398,0.277301549911499,0.4209713935852051,0.5468049049377441,0.651376485824585,0.7324831485748291,0.7886793613433838,0.8177764415740967,0.8159162998199463,0.7789006233215332,0.704174280166626,0.5928955078125,0.45029497146606445,0.2843437194824219,0.10449337959289551,0.07934927940368652,0.2568657398223877,0.4175255298614502,0.5512511730194092,0.6500086784362793,0.7092032432556152,0.728316068649292
0.66571044921875,0.8037257194519043,0.8713974952697754,0.8883647918701172,0.88991379737854,0.9007976055145264,0.9180021286010742,0.9168388843536377,0.8750760555267334,0.7935998439788818,0.6957137584686279,0.6048290729522705,0.5216426849365234,0.42252111434936523,0.2825779914855957,0.10339212417602539,0.08072423934936523,0.22585844993591309,0.31320691108703613,0.3646352291107178,0.425508975982666,0.5273919105529785,0.66221022605896,0.788196325302124,0.8623430728912354,0.8706862926483154,0.8331301212310791,0.7807290554046631,0.7287023067474365,0.6678347587585449,0.579571008682251,0.45855212211608887,0.3206055164337158,0.19043374061584473
0.21040105819702148,0.5849447250366211,0.9192526340484619,1.184434175491333,1.3754470348358154,1.5101542472839355,1.614903450012207,1.708472490310669,1.7936968803405762,1.8604693412780762,1.8944664001464844,1.8834846019744873,1.8193514347076416,1.6977827548980713,1.5197601318359375,1.2949440479278564,1.0411663055419922,0.7793943881988525,0.5254707336425781,0.2848677635192871,0.053377628326416016,0.17774248123168945,0.4168722629547119,0.6690778732299805,0.93385910987854,1.2017731666564941,1.4525582790374756,1.658796787261963,1.7969114780426025,1.8583135604858398,1.853339672088623,1.8027029037475586,1.723501205444336,1.620967149734497,1.4910624027252197,1.3301348686218262,1.1408905982971191,0.9294407367706299
0.016489744186401367,0.2843739986419678,0.6479928493499756,1.0180180072784424,1.3118257522583008,1.43906569480896,1.3269846439361572,0.9475007057189941,0.33556604385375977,0.40956926345825195,1.1409351825714111,1.7017130851745605,1.969247817993164,1.8923838138580322,1.5005061626434326,0.8884944915771484,0.1787559986114502,0.5124964714050293,1.0939598083496094,1.498915195465088,1.6792702674865723,1.6047759056091309,1.2725329399108887,0.7229926586151123,0.0429229736328125,0.6449120044708252,1.2098026275634766,1.5447514057159424,1.5953378677368164,1.3694870471954346,0.9328763484954834,0.38811326026916504,0.1542069911956787,0.6014854907989502,0.8952813148498535,1.013747215270996,0.9655013084411621,0.7788186073303223,0.49613213539123535,0.16966700553894043,0.14268994331359863,0.3864109516143799,0.522310733795166,0.5374870300292969,0.4483981132507324,0.2942633628845215,0.12457156181335449,0.01617717742919922
1.1609585285186768,1.6247596740722656,1.9034779071807861,1.9510431289672852,1.7441554069519043,1.3013935089111328,0.6837518215179443,0.022351980209350586,0.7272579669952393,1.341374397277832,1.7685914039611816,1.9108827114105225,1.7048208713531494,1.1656737327575684,0.4041574001312256,0.41008710861206055,1.1214735507965088,1.6437833309173584,1.9608700275421143,1.999999761581421,1.9899790287017822,1.656710147857666,1.0698399543762207,0.2879929542541504,0.5548865795135498,1.2903366088867188,1.7762155532836914,1.9370441436767578,1.7697899341583252,1.322770118713379,0.6772878170013428,0.06659221649169922,0.797264814376831
0.9310662746429443,1.2891597747802734,1.531459093093872,1.523195505142212,1.1674466133117676,0.4790637493133545,0.38730955123901367,1.178699016571045,1.6412937641143799,1.6160197257995605,1.095238447189331,0.22142910957336426,0.747514009475708,1.5062758922576904,1.787560224533081,1.463414192199707,0.6139500141143799,0.4689807891845703,1.3819787502288818,1.7697036266326904,1.4803905487060547,0.625880241394043,0.46224522590637207,1.3660597801208496,1.735347032546997,1.4229378700256348,0.5456993579864502,0.5394885540008545,1.3705253601074219,1.5838313102722168,1.1039011478424072,0.18990230560302734,0.6979877948760986,1.1556510925292969,1.0497596263885498,0.5627577304840088,0.04457902908325195,0.20029783248901367,0.05443716049194336,0.4115152359008789,1.0165953636169434,1.5467255115509033,1.7917382717132568,1.5864331722259521,0.8830039501190186,0.16602706909179688,1.2079238891601562,1.8192036151885986,1.7184803485870361,0.923095703125
0.9007322788238525,1.3541207313537598,1.6766178607940674,1.7703094482421875,1.5939252376556396,1.18255615234375,0.634284496307373,0.06864547729492188,0.41540980339050293,0.7658567428588867,0.9794223308563232,1.0889768600463867,1.143179178237915,1.1889727115631104,1.2549822330474854,1.338327407836914,1.3992409706115723,1.3710379600524902,1.1859581470489502,0.8088922500610352,0.2598450183868408,0.3836495876312256,1.0107333660125732,1.5113136768341064,1.8073885440826416,1.8666584491729736,1.7033331394195557,1.3676109313964844,0.9335033893585205,0.48590707778930664,0.10342764854431152,0.16031646728515625,0.292327880859375,0.32317328453063965,0.31525182723999023,0.33632969856262207,0.43207240104675293,0.6067600250244141,0.8209764957427979,1.005105972290039
0.2617299556732178,0.21854257583618164,0.19797277450561523,0.2157421112060547,0.271625280380249,0.34629321098327637,0.41437602043151855,0.467041015625,0.5228955745697021,0.6122527122497559,0.7426187992095947,0.8737156391143799,0.9285023212432861,0.837592363357544,0.5882041454315186,0.23663020133972168,0.12396502494812012,0.41898584365844727,0.6285006999969482,0.7799842357635498,0.9055097103118896,1.0003395080566406,1.0153226852416992,0.8881754875183105,0.5916283130645752,0.1624462604522705,0.30828070640563965,0.7169806957244873,0.9962043762207031,1.1405034065246582,1.197072982788086,1.2303352355957031,1.2856011390686035,1.3719301223754883,1.4697647094726562,1.550189733505249,1.587869644165039,1.5610992908477783,1.447181224822998,1.2280781269073486,0.9101395606994629,0.5407912731170654,0.20348596572875977,0.01825714111328125
0.6504204273223877,0.3473503589630127,0.005450248718261719,0.38735532760620117,0.7722628116607666,1.1334540843963623,1.4472575187683105,1.6958417892456055,1.8676424026489258,1.9574613571166992,1.9654474258422852,1.8946692943572998,1.7496745586395264,1.5346031188964844,1.2539687156677246,0.915170431137085,0.5309388637542725,0.12132668495178223,0.28758883476257324,0.6670947074890137,0.991098165512085,1.2404420375823975,1.4060723781585693,1.4890997409820557,1.49837327003479,1.4475057125091553,1.3504588603973389,1.2191870212554932,1.0625016689300537
1.958350419998169,1.964104413986206,1.9613935947418213,1.9472904205322266,1.9058215618133545,1.8153831958770752,1.6620867252349854,1.44985032081604,1.1976654529571533,0.9253642559051514,0.6396317481994629,0.3314065933227539,0.012541532516479492,0.3933393955230713,0.7919483184814453,1.1738388538360596,1.502293586730957,1.7503931522369385,1.90753173828125,1.9793548583984375,1.986386775970459,1.9593727588653564,1.9312429428100586,1.9255669116973877,1.9467008113861084,1.9776835441589355,1.9882142543792725
0.6922492980957031,0.6928620338439941,0.6914541721343994,0.6890668869018555,0.6873822212219238,0.6872878074645996,0.6881194114685059,0.6883463859558105,0.6870205402374268,0.6845707893371582,0.6821954250335693,0.6805047988891602,0.6788380146026611,0.6759657859802246,0.6714925765991211,0.666541337966919,0.6630144119262695,0.6620924472808838,0.6633200645446777,0.6650390625,0.665640115737915,0.6645410060882568,0.6622073650360107,0.6595666408538818,0.6575055122375488,0.65677809715271,0.6580162048339844,0.6614997386932373,0.6667802333831787,0.6726553440093994,0.6777467727661133,0.6812784671783447,0.6833972930908203,0.6847856044769287,0.6860101222991943,0.6872270107269287,0.6884140968322754,0.6896908283233643,0.691258430480957,0.6930155754089355,0.6943843364715576,0.6946620941162109,0.6936099529266357,0.691626787185669,0.6892950534820557,0.6867616176605225,0.6836757659912109,0.6797924041748047,0.6755735874176025,0.6720442771911621,0.6699039936065674,0.6687650680541992
0.5769319534301758,0.46306848526000977,0.3928368091583252,0.4123194217681885,0.5047674179077148,0.6001110076904297,0.6258440017700195,0.5627841949462891,0.463848352432251,0.4152376651763916,0.46961402893066406,0.6034915447235107,0.7371599674224854,0.8032093048095703,0.8079226016998291,0.830909252166748,0.9555456638336182,1.1820571422576904,1.391524076461792,1.3998947143554688,1.0706274509429932,0.4176664352416992,0.37697410583496094,1.0396063327789307,1.3389480113983154,1.194899082183838,0.7103650569915771,0.1030130386352539,0.40805792808532715,0.7030029296875,0.7911310195922852,0.7692053318023682,0.7384240627288818,0.7423856258392334,0.7574121952056885,0.7319416999816895,0.6377286911010742
0.6157140731811523,0.5697097778320312,0.5412869453430176,0.5912628173828125,0.7287356853485107,0.9048287868499756,1.047257661819458,1.1089015007019043,1.0921130180358887,1.0318894386291504,0.9536588191986084,0.8432083129882812,0.6562697887420654,0.3601572513580322,0.027184247970581055,0.43393588066101074,0.7715139389038086,0.9819254875183105,1.059621810913086,1.0352756977081299,0.9421617984771729,0.7936561107635498,0.5890965461730957,0.33363962173461914,0.04907798767089844,0.23431730270385742,0.4945943355560303,0.7236261367797852,0.9163587093353271,1.0567271709442139,1.1191730499267578,1.0867326259613037,0.9701745510101318,0.8079845905303955,0.6433506011962891
0.5210304260253906,0.677884578704834,0.7661874294281006,0.7989339828491211,0.7922275066375732,0.7584927082061768,0.7018141746520996,0.6161191463470459,0.4881021976470947,0.3047749996185303,0.06379127502441406,0.21940040588378906,0.5134155750274658,0.7808921337127686,0.9914910793304443,1.1292974948883057,1.191816806793213,1.1814689636230469,1.0986647605895996,0.940387487411499,0.7055215835571289,0.4034874439239502,0.057987213134765625,0.2952847480773926,0.6179516315460205,0.879385232925415,1.0638515949249268,1.1689281463623047,1.1981730461120605,1.1527409553527832,1.0279200077056885,0.819209098815918,0.5319678783416748,0.18850064277648926,0.17422962188720703,0.5160243511199951,0.8056690692901611,1.0258793830871582,1.167968511581421,1.2230956554412842,1.177091121673584,1.0164992809295654,0.74078369140625,0.3717927932739258,0.04539632797241211,0.45451855659484863,0.803668737411499,1.0580925941467285,1.2027950286865234,1.2378785610198975,1.168483018875122
0.23874163627624512,0.21426820755004883,0.1746530532836914,0.11725950241088867,0.04251718521118164,0.04326987266540527,0.1295332908630371,0.2058098316192627,0.2656428813934326,0.3069772720336914,0.329923152923584,0.33412981033325195,0.31818222999572754,0.280972957611084,0.22289538383483887,0.1463184356689453,0.05523967742919922,0.044637441635131836,0.14526057243347168,0.23643755912780762,0.3076026439666748,0.35077357292175293,0.3624095916748047,0.34351062774658203,0.29750585556030273,0.2287888526916504,0.1428074836730957,0.04699254035949707,0.048960208892822266,0.13496899604797363,0.20334315299987793,0.25074243545532227,0.27764081954956055,0.28656864166259766,0.2803537845611572,0.26157355308532715
0.5104343891143799,0.6260504722595215,0.7000527381896973,0.7317624092102051,0.7194385528564453,0.6574530601501465,0.5388956069946289,0.36183977127075195,0.137176513671875,0.10872745513916016,0.3396272659301758,0.5217800140380859,0.6361312866210938,0.6831321716308594,0.6773042678833008,0.6350865364074707,0.56549072265625,0.46837782859802246,0.34086036682128906,0.1856679916381836,0.014479637145996094,0.15514397621154785,0.30681705474853516,0.43067049980163574,0.5245053768157959,0.5904364585876465,0.6307263374328613,0.6448516845703125,0.6291031837463379,0.5790622234344482,0.49286341667175293,0.37458252906799316,0.23523831367492676,0.09019231796264648,0.04607129096984863,0.16536307334899902,0.26768922805786133,0.35814547538757324
0.1869041919708252,0.18854999542236328,0.1889040470123291,0.18974757194519043,0.19122934341430664,0.1915132999420166,0.18877625465393066,0.18355059623718262,0.1788952350616455,0.1778888702392578,0.18076658248901367,0.1844935417175293,0.18545246124267578,0.18273425102233887,0.17898058891296387,0.17786931991577148,0.18062996864318848,0.18481850624084473,0.18645405769348145,0.1835649013519287,0.17790842056274414,0.17354416847229004,0.17358613014221191,0.1779778003692627,0.18379950523376465,0.18759560585021973,0.1876072883605957,0.18449878692626953,0.18043899536132812,0.17758584022521973,0.17693400382995605,0.17802953720092773,0.1794605255126953,0.17981791496276855,0.17860651016235352,0.17658019065856934,0.17525076866149902,0.17587924003601074,0.17870712280273438,0.18293333053588867
1.3182435035705566,0.8628404140472412,0.19457554817199707,0.5278794765472412,1.1344926357269287,1.494673252105713,1.5459620952606201,1.2910573482513428,0.7860634326934814,0.12671995162963867,0.5599532127380371,1.1325891017913818,1.4669878482818604,1.4944803714752197,1.2236173152923584,0.7295711040496826,0.1207742691040039,0.49930596351623535,1.0452916622161865,1.4414441585540771,1.6098480224609375,1.4842798709869385,1.0446813106536865,0.35343098640441895,0.442828893661499,1.157371997833252,1.6296718120574951,1.7752749919891357,1.5938036441802979,1.144953966140747,0.5152976512908936,0.19317865371704102,0.8628919124603271,1.36590576171875,1.5943007469177246,1.4996747970581055,1.1187422275543213
0.22979998588562012,0.33762145042419434,0.3965592384338379,0.3755173683166504,0.2784743309020996,0.14029979705810547,0.0015480518341064453,0.11431431770324707,0.20261454582214355,0.2605760097503662,0.2735559940338135,0.2216501235961914,0.10341548919677734,0.048120737075805664,0.17557144165039062,0.22992753982543945,0.19931292533874512,0.11159372329711914,0.009723186492919922,0.07612991333007812,0.1367659568786621,0.16978883743286133,0.1633315086364746,0.09806680679321289,0.032654762268066406,0.20363831520080566,0.36263012886047363,0.4573385715484619,0.4649956226348877,0.39947938919067383,0.29445838928222656,0.1784348487854004,0.06492137908935547
0.3964424133300781,0.5078816413879395,0.576012372970581,0.5945761203765869,0.561687707901001,0.4809415340423584,0.3618752956390381,0.21800518035888672,0.06303143501281738,0.09157729148864746,0.23632192611694336,0.3610110282897949,0.45308661460876465,0.4988992214202881,0.4884300231933594,0.4196500778198242,0.2993330955505371,0.14075350761413574,0.04058647155761719,0.22821545600891113,0.40346598625183105,0.5439558029174805,0.6261372566223145,0.6317589282989502,0.5557417869567871,0.41014528274536133
0.2843918800354004,0.46858859062194824,0.6386239528656006,0.7727694511413574,0.8342733383178711,0.7826228141784668,0.5945863723754883,0.28433918952941895,0.09447646141052246,0.46857190132141113,0.7752656936645508,0.9839391708374023,1.0957765579223633,1.1254396438598633,1.080019235610962,0.9529967308044434,0.7337477207183838,0.42372655868530273,0.045736074447631836,0.3603034019470215,0.7476496696472168,1.071882963180542,1.2937836647033691,1.3816642761230469,1.3154468536376953,1.0962228775024414,0.75250244140625,0.33715367317199707,0.08478927612304688,0.4544029235839844,0.7326292991638184,0.9059896469116211,0.9822797775268555,0.9819695949554443,0.92624831199646,0.828209638595581,0.6894383430480957
0.9357061386108398,1.3739650249481201,1.597062349319458,1.575596570968628,1.291152000427246,0.7532961368560791,0.03933215141296387,0.6956803798675537,1.2638821601867676,1.5295450687408447,1.4697389602661133,1.1703336238861084,0.7542831897735596,0.3099358081817627,0.13061785697937012,0.5532810688018799,0.9116256237030029,1.1193008422851562,1.0974864959716797,0.836888313293457,0.41452455520629883,0.04778623580932617,0.45330047607421875,0.7668085098266602,0.9941282272338867,1.128333330154419,1.1197147369384766,0.9000935554504395,0.44363880157470703,0.18443536758422852,0.8391172885894775,1.3563590049743652,1.6252670288085938,1.6200342178344727,1.384383201599121,0.9840905666351318,0.47606515884399414,0.0907752513885498
1.4207017421722412,1.410083293914795,1.2978730201721191,1.0804567337036133,0.7585394382476807,0.3425769805908203,0.13835453987121582,0.6330997943878174,1.073937177658081,1.3931217193603516,1.5427286624908447,1.5106651782989502,1.3234460353851318,1.0338327884674072,0.7011818885803223,0.3702714443206787,0.06071662902832031,0.23106956481933594,0.5186941623687744,0.8088216781616211,1.0884525775909424,1.322465181350708,1.4631259441375732,1.4661977291107178,1.3085873126983643,0.9978458881378174,0.5713443756103516,0.08733630180358887,0.38965272903442383,0.8006682395935059,1.1006035804748535,1.2612380981445312,1.2741577625274658,1.149705171585083,0.9160017967224121
0.7941670417785645,1.0945653915405273,1.145430564880371,0.9343016147613525,0.5346698760986328,0.07061433792114258,0.3367300033569336,0.6111705303192139,0.732203483581543,0.7184329032897949,0.6022946834564209,0.41622400283813477,0.1902627944946289,0.044501543045043945,0.2587723731994629,0.4333503246307373,0.5646376609802246,0.658062219619751,0.7124910354614258,0.7081096172332764,0.6100645065307617,0.39104747772216797,0.05806326866149902,0.33435726165771484,0.6959428787231445,0.9338593482971191,0.9892702102661133,0.8583247661590576,0.5878274440765381,0.2534337043762207,0.07037639617919922,0.3307204246520996,0.5040159225463867,0.5908482074737549,0.6063144207000732,0.5687105655670166,0.4925055503845215,0.3859248161315918
0.4373960494995117,0.6474783420562744,0.7666654586791992,0.8142409324645996,0.8214201927185059,0.8124666213989258,0.7917702198028564,0.7436285018920898,0.6432745456695557,0.47211718559265137,0.22916793823242188,0.06643080711364746,0.37938356399536133,0.6673922538757324,0.8907992839813232,1.0219547748565674,1.050288438796997,0.9834468364715576,0.8417949676513672,0.6502091884613037,0.43131184577941895,0.20203566551208496,0.025512218475341797,0.24249267578125,0.44259119033813477,0.6218745708465576,0.776453971862793,0.8979947566986084,0.9697635173797607,0.9672122001647949,0.866591215133667,0.656700849533081
1.2955400943756104,0.8485348224639893,0.35037922859191895,0.1282660961151123,0.5329103469848633,0.8332738876342773,1.0220096111297607,1.1090548038482666,1.1138255596160889,1.0589261054992676,0.9665994644165039,0.8539724349975586,0.7282872200012207,0.5830399990081787,0.3989741802215576,0.15255212783813477,0.17118477821350098,0.5661208629608154,0.9986355304718018,1.410599708557129,1.729748249053955,1.8850538730621338,1.8225188255310059,1.5211877822875977,1.0002903938293457,0.32120275497436523,0.42279481887817383,1.123471736907959,1.678250789642334,1.999999761581421,1.999999761581421,1.8581876754760742
1.3918921947479248,1.567150592803955,1.7299866676330566,1.8142032623291016,1.7683117389678955,1.5979721546173096,1.3567430973052979,1.0933115482330322,0.8106660842895508,0.475261926651001,0.0656890869140625,0.38787174224853516,0.8149783611297607,1.1548168659210205,1.398674488067627,1.5842008590698242,1.7506518363952637,1.8970468044281006,1.9825012683868408,1.9652936458587646,1.8409152030944824,1.646061658859253,1.425732135772705,1.1974453926086426,0.9440615177154541,0.6388955116271973,0.27832841873168945,0.10748171806335449,0.4725062847137451,0.7836995124816895,1.0354576110839844,1.240689754486084,1.4091317653656006,1.5328729152679443,1.591217279434204,1.5677533149719238,1.4646899700164795,1.3023974895477295,1.105086088180542,0.887061595916748,0.6500542163848877,0.3930051326751709,0.12345242500305176
0.18636512756347656,0.05361533164978027,0.06739926338195801,0.16603899002075195,0.24327516555786133,0.3079071044921875,0.36945557594299316,0.43317723274230957,0.4991464614868164,0.564206600189209,0.6242959499359131,0.6763479709625244,0.7206032276153564,0.7630188465118408,0.8151359558105469,0.8881790637969971,0.9825954437255859,1.0791237354278564,1.1399552822113037,1.1221225261688232,0.9979114532470703,0.7682943344116211,0.46253442764282227,0.12473607063293457,0.20279860496520996,0.4878067970275879,0.7060649394989014,0.8353686332702637,0.8559632301330566,0.7580904960632324,0.5535612106323242,0.2788560390472412,0.014228105545043945,0.2765634059906006,0.47846102714538574,0.6155791282653809,0.7019941806793213,0.7555906772613525,0.7854492664337158,0.786430835723877,0.7430717945098877,0.6391806602478027,0.4672660827636719,0.23502469062805176,0.034871578216552734,0.3094828128814697,0.5531036853790283,0.7340457439422607,0.829240083694458,0.8260042667388916,0.7226080894470215,0.5305044651031494,0.2749907970428467,0.005045652389526367,0.26325464248657227,0.45638251304626465,0.5570259094238281,0.560575008392334,0.4841804504394531,0.35703229904174805,0.20728349685668945,0.053475379943847656,0.09671354293823242,0.24112868309020996,0.3769097328186035,0.49804234504699707,0.5979557037353516,0.6737253665924072,0.7276227474212646,0.7643327713012695,0.7854185104370117,0.7860379219055176,0.7567687034606934,0.6900761127471924
0.6379544734954834,0.8383841514587402,0.8650944232940674,0.6656031608581543,0.2886371612548828,0.14395666122436523,0.5082263946533203,0.7425682544708252,0.859541654586792,0.9085800647735596,0.9245355129241943,0.9034309387207031,0.8153519630432129,0.6345851421356201,0.36336731910705566,0.03722071647644043,0.28368663787841797,0.5309426784515381,0.649761438369751,0.622199535369873,0.47924232482910156,0.28698039054870605,0.11080479621887207,0.021436214447021484,0.12713098526000977,0.24082398414611816,0.37359619140625,0.4957239627838135,0.5583906173706055,0.5343444347381592,0.4424428939819336,0.33358311653137207,0.25341272354125977,0.21239209175109863,0.18576478958129883
0.6457140445709229,1.0039317607879639,0.9306674003601074,0.46716833114624023,0.008116483688354492,0.0353090763092041,0.38538646697998047,0.8847486972808838,0.9605097770690918,0.4239838123321533,0.44183897972106934,1.1155869960784912,1.2487895488739014,0.8875987529754639,0.35550522804260254,0.05743217468261719,0.2884516716003418,0.44132494926452637,0.587230920791626,0.6651906967163086,0.5754656791687012,0.3371131420135498,0.11492156982421875,0.06560850143432617,0.16568493843078613,0.2141568660736084,0.02848529815673828,0.3498706817626953,0.6566963195800781,0.623725414276123,0.2229933738708496,0.29688262939453125,0.6113333702087402
